"Region, Province/Highly Urbanized City,
and City/Municipality",Population,,Land Area (square  kilometers) a1/ a2/ a3/,"Population Density
(persons per square kilometer)"
Metro Manila,"12,877,253",,619.54,"20,785"
Manila,"1,780,148",,24.98,"71,263"
Quezon City,"2,936,116",,171.71,"17,099"
Caloocan City ,"1,583,978",,55.8,"28,387"
Pasay,"416,522",,13.97,"29,815"
Las Piñas,"588,894",,32.69,"18,014"
Makati,"582,602",,21.57,"27,010"
City of Malabon ,"365,525",,15.71,"23,267"
Mandaluyong,"386,276",,9.29,"41,580"
Marikina,"450,741",,21.52,"20,945"
Muntinlupa,"504,509",,39.75,"12,692"
City of Navotas *,"249,463",,8.94,"27,904"
Parañaque,"665,822",,46.57,"14,297"
Pasig,"755,300",,48.46,"15,586"
San Juan,"122,180",,5.95,"20,534"
Taguig,"804,915",,45.21,"17,804"
Valenzuela,"620,422",,47.02,"13,195"
Municipality of Pateros *,"63,840",,10.4,"6,138"
Cordillera Administrative Region,"1,722,006",,"19,818.12",87
Abra,"241,160",,"4,199.72",57
Bangued (Capital) *,"48,163",,136.4,353
Boliney *,"3,573",,210,17
Bucay *,"17,115",,102.16,168
Bucloc *,"2,501",,63.77,39
Daguioman *,"2,088",,114.37,18
Danglas *,"4,192",,156.02,27
Dolores *,"11,315",,47.45,238
La Paz *,"15,437",,51.41,300
Lacub *,"3,403",,235.53,14
Lagangilang *,"14,255",,124.2,115
Lagayan *,"4,499",,215.97,21
Langiden *,"3,198",,116.29,28
Licuan-Baay **,"4,689",,256.42,18
Luba *,"6,339",,148.27,43
Malibcong **,"3,428",,283.17,12
Manabo *,"10,761",,81.08,133
Peñarrubia *,"6,640",,39.07,170
Pidigan *,"12,185",,49.15,248
Pilar *,"10,223",,66.1,155
Sallapadan *,"6,622",,128.62,51
San Isidro *,"4,574",,48.07,95
San Juan *,"9,867",,64.08,154
San Quintin *,"5,438",,66.59,82
Tayum *,"14,467",,55.68,260
Tineg **,"5,097",,744.8,7
Tubo *,"5,699",,492.12,12
Villaviciosa *,"5,392",,102.93,52
Apayao,"119,184",,"4,502.33",26
Calanasan *,"12,604",,"1,256.15",10
Conner **,"26,051",,694.3,38
Flora *,"17,391",,413.38,42
Kabugao (Capital) *,"15,537",,935.12,17
Luna **,"19,063",,606.04,31
Pudtol **,"14,925",,401.02,37
Santa Marcela **,"13,613",,196.32,69
Benguet (excluding Baguio City),"446,224",,"2,769.08",161
Atok **,"19,668",,214.99,91
Bakun *,"15,357",,286.91,54
Bokod **,"13,756",,274.96,50
Buguias *,"43,627",,175.88,248
Itogon *,"59,820",,449.73,133
Kabayan *,"15,260",,242.69,63
Kapangan *,"19,361",,164.39,118
Kibungan *,"17,292",,254.86,68
La Trinidad (Capital) *,"129,133",,70.04,"1,844"
Mankayan *,"35,953",,130.48,276
Sablan *,"11,457",,105.63,108
Tuba **,"47,648",,295.97,161
Tublay *,"17,892",,102.55,174
Baguio City **,"345,366",,57.51,"6,005"
Ifugao,"202,802",,"2,618.01",77
Aguinaldo *,"19,408",,538.05,36
Alfonso Lista *,"32,119",,347.46,92
Asipulo *,"15,261",,182.87,83
Banaue *,"21,837",,191.2,114
Hingyon *,"9,227",,62.02,149
Hungduan **,"9,400",,260.3,36
Kiangan **,"17,048",,200,85
Lagawe (Capital) *,"19,333",,208.91,93
Lamut *,"25,279",,149.45,169
Mayoyao **,"17,331",,238.05,73
Tinoc **,"16,559",,239.7,69
Kalinga,"212,680",,"3,282.04",65
Balbalan *,"12,195",,542.69,22
Lubuagan **,"8,733",,234.2,37
Pasil **,"9,644",,189,51
Pinukpuk **,"32,026",,743.56,43
Rizal *,"17,038",,281.79,60
Tanudan *,"9,534",,307.55,31
Tinglayan **,"12,868",,283,45
City of Tabuk (Capital) **,"110,642",,700.25,158
Mountain Province,"154,590",,"2,389.43",65
Barlig **,"4,819",,228.64,21
Bauko *,"31,065",,170.37,182
Besao **,"7,040",,173.62,41
Bontoc (Capital) **,"24,643",,396.1,62
Natonin *,"10,272",,252,41
Paracelis *,"28,121",,570.16,49
Sabangan *,"9,315",,72.04,129
Sadanga *,"8,799",,259.79,34
Sagada *,"11,127",,109.71,101
Tadian *,"19,389",,157,123
Ilocos ,"5,026,128",,"12,964.62",388
Ilocos Norte,"593,081",,"3,418.75",173
Adams *,"1,792",,159.31,11
Bacarra *,"32,215",,65.32,493
Badoc **,"31,616",,76.68,412
Bangui *,"14,672",,108.76,135
Banna *,"19,438",,92.73,210
Burgos *,"9,777",,128.9,76
Carasi *,"1,567",,82.97,19
Currimao *,"12,184",,34.08,358
Dingras **,"38,562",,96,402
Dumalneg *,"2,947",,92.69,32
Marcos **,"17,777",,72.77,244
Nueva Era *,"9,506",,515.02,18
Pagudpud *,"23,770",,194.9,122
Paoay *,"24,866",,76.24,326
Pasuquin *,"28,980",,161.41,180
Piddig *,"21,497",,216.2,99
Pinili **,"17,300",,89.48,193
San Nicolas *,"36,736",,40.18,914
Sarrat *,"25,212",,57.39,439
Solsona *,"24,121",,166.23,145
Vintar *,"32,220",,614.35,52
City of Batac **,"55,201",,161.06,343
Laoag City (Capital) **,"111,125",,116.08,957
Ilocos Sur,"689,668",,"2,596.00",266
Alilem **,"6,695",,119.33,56
Banayoyo **,"7,748",,24.63,315
Bantay **,"35,731",,76.6,466
Burgos **,"12,224",,44.38,275
Cabugao *,"37,501",,95.56,392
Caoayan *,"19,861",,17.42,"1,140"
Cervantes **,"17,211",,234.7,73
Galimuyod **,"10,748",,34.4,312
Gregorio del Pilar *,"4,875",,41.66,117
Lidlidda *,"4,647",,33.84,137
Magsingal *,"30,792",,84.98,362
Nagbukel **,"5,259",,43.12,122
Narvacan *,"44,006",,122.21,360
Quirino **,"8,573",,240.1,36
Salcedo *,"11,288",,103.44,109
San Emilio **,"7,407",,141.44,52
San Esteban *,"8,349",,19.62,426
San Ildefonso *,"7,787",,11.35,686
San Juan **,"26,411",,64.37,410
San Vicente *,"12,758",,12.6,"1,013"
Santa *,"15,340",,109.1,141
Santa Catalina *,"13,945",,9.68,"1,441"
Santa Cruz **,"39,868",,88.78,449
Santa Lucia *,"25,402",,49.72,511
Santa Maria *,"30,321",,63.31,479
Santiago *,"18,759",,46.36,405
Santo Domingo *,"27,975",,55.49,504
Sigay *,"2,737",,81.55,34
Sinait *,"25,640",,65.56,391
Sugpon *,"4,585",,57.11,80
Suyo **,"11,446",,124,92
Tagudin **,"39,277",,151.19,260
City of Candon *,"60,623",,103.28,587
City of Vigan (Capital) **,"53,879",,25.12,"2,145"
La Union,"786,653",,"1,499.28",525
Agoo *,"63,692",,52.84,"1,205"
Aringay *,"47,458",,84.54,561
Bacnotan *,"42,078",,78.18,538
Bagulin *,"13,456",,107.33,125
Balaoan **,"39,188",,68.7,570
Bangar *,"35,947",,37.36,962
Bauang **,"75,032",,73.15,"1,026"
Burgos **,"8,067",,70.8,114
Caba *,"22,039",,46.31,476
Luna *,"35,802",,42.9,835
Naguilian *,"54,221",,104.6,518
Pugo **,"19,690",,62.84,313
Rosario **,"55,458",,73.98,750
San Gabriel *,"18,172",,129.87,140
San Juan *,"37,188",,57.12,651
Santo Tomas **,"39,092",,64,611
Santol **,"12,476",,93.7,133
Sudipen **,"17,056",,97.59,175
Tubao *,"28,729",,50.75,566
City of San Fernando (Capital) **,"121,812",,102.72,"1,186"
Pangasinan,"2,956,726",,"5,450.59",542
Agno *,"28,052",,169.75,165
Aguilar *,"41,463",,195.07,213
Alcala **,"43,402",,45.71,950
Anda *,"39,504",,74.55,530
Asingan *,"57,355",,66.64,861
Balungao **,"31,106",,73.25,425
Bani **,"50,306",,179.65,280
Basista **,"32,959",,24,"1,373"
Bautista **,"32,307",,46.33,697
Bayambang *,"118,205",,143.94,821
Binalonan *,"54,555",,58.05,940
Binmaley **,"83,052",,118.5,701
Bolinao *,"82,084",,197.22,416
Bugallon *,"67,348",,189.64,355
Burgos **,"21,637",,131.32,165
Calasiao *,"95,154",,48.36,"1,968"
Dasol *,"29,110",,166.6,175
Infanta *,"24,584",,254.29,97
Labrador *,"23,201",,90.99,255
Laoac **,"31,497",,40.5,778
Lingayen (Capital) *,"103,278",,62.76,"1,646"
Mabini *,"24,765",,291.01,85
Malasiqui *,"130,275",,131.37,992
Manaoag *,"69,497",,55.95,"1,242"
Mangaldan **,"106,331",,48.17,"2,207"
Mangatarem **,"73,241",,317.5,231
Mapandan *,"37,059",,21.01,"1,764"
Natividad *,"24,299",,134.36,181
Pozorrubio **,"69,555",,134.6,517
Rosales *,"63,081",,66.39,950
San Fabian **,"83,025",,81.28,"1,021"
San Jacinto **,"40,848",,44.18,925
San Manuel **,"52,939",,129.18,410
San Nicolas **,"35,574",,210.2,169
San Quintin **,"32,945",,115.9,284
Santa Barbara *,"82,012",,61.37,"1,336"
Santa Maria **,"33,038",,69.5,475
Santo Tomas *,"15,022",,13.43,"1,119"
Sison **,"47,518",,81.88,580
Sual *,"34,149",,130.16,262
Tayug *,"43,149",,51.24,842
Umingan *,"73,252",,258.43,283
Urbiztondo **,"50,170",,81.8,613
Villasis *,"62,333",,75.83,822
City of Alaminos **,"89,708",,164.26,546
Dagupan City *,"171,271",,37.23,"4,600"
San Carlos City *,"188,571",,169.03,"1,116"
City of Urdaneta *,"132,940",,98.21,"1,354"
Cagayan Valley,"3,451,410",,"29,836.88",116
Batanes,"17,246",,203.22,85
Basco (Capital) *,"8,579",,33.67,255
Itbayat *,"2,867",,83.13,34
Ivana **,"1,327",,16.54,80
Mahatao **,"1,555",,12.9,121
Sabtang *,"1,621",,40.7,40
Uyugan *,"1,297",,16.28,80
Cagayan,"1,199,320",,"9,398.07",128
Abulug *,"32,497",,162.6,200
Alcala *,"38,883",,168.64,231
Allacapan *,"33,571",,306.8,109
Amulung *,"47,860",,264.51,181
Aparri *,"65,649",,286.64,229
Baggao *,"82,782",,995.49,83
Ballesteros **,"34,299",,120,286
Buguey **,"30,175",,164.5,183
Calayan *,"16,702",,494.53,34
Camalaniugan **,"24,923",,76.5,326
Claveria *,"29,921",,194.8,154
Enrile *,"35,834",,166.6,215
Gattaran *,"56,661",,707.5,80
Gonzaga **,"38,892",,567.43,69
Iguig *,"27,862",,109.9,254
Lal-lo **,"44,506",,702.8,63
Lasam **,"39,135",,213.7,183
Pamplona *,"23,596",,209.67,113
Peñablanca *,"48,584",,"1,246.23",39
Piat *,"23,597",,181.81,130
Rizal **,"17,994",,124.4,145
Sanchez-Mira *,"24,541",,218.77,112
Santa Ana *,"32,906",,440.81,75
Santa Praxedes *,"4,154",,78.11,53
Santa Teresita **,"19,038",,166.98,114
Santo Niño *,"27,219",,423.13,64
Solana *,"82,502",,234.6,352
Tuao *,"61,535",,225.82,272
Tuguegarao City (Capital) **,"153,502",,144.8,"1,060"
Isabela,"1,593,566",,"13,102.05",122
Alicia **,"71,504",,154.1,464
Angadanan **,"43,061",,204.4,211
Aurora **,"35,017",,115.56,303
Benito Soliven *,"29,624",,197.52,150
Burgos **,"23,784",,73.1,325
Cabagan **,"50,174",,430.4,117
Cabatuan **,"39,413",,72,547
Cordon **,"42,926",,144,298
Delfin Albano *,"26,614",,189,141
Dinapigue *,"5,005",,"1,031.93",5
Divilacan **,"5,687",,889.49,6
Echague *,"79,094",,648.38,122
Gamu **,"29,904",,129.4,231
Jones *,"45,666",,670.14,68
Luna *,"19,326",,44.94,430
Maconacon **,"4,253",,538.66,8
Mallig *,"30,459",,158.55,192
Naguilian *,"31,902",,169.81,188
Palanan *,"17,260",,880.24,20
Quezon *,"25,860",,207.07,125
Quirino **,"24,501",,126.2,194
Ramon *,"52,707",,135.17,390
Reina Mercedes *,"26,998",,57.14,472
Roxas *,"61,773",,139.95,441
San Agustin **,"22,880",,278.4,82
San Guillermo *,"20,200",,457.35,44
San Isidro **,"24,861",,71.9,346
San Manuel **,"31,896",,112.77,283
San Mariano *,"55,370",,"1,459.16",38
San Mateo *,"64,505",,242.1,266
San Pablo **,"25,384",,637.9,40
Santa Maria *,"25,382",,124.9,203
Santo Tomas *,"23,005",,80.58,285
Tumauini *,"67,650",,471.68,143
City of Cauayan **,"129,523",,336.4,385
Ilagan City (Capital) ** 1 ,"145,568",,"1,166.26",125
City of Santiago *,"134,830",,255.5,528
Nueva Vizcaya,"452,287",,"4,813.88",94
Alfonso Castaneda *,"7,940",,849.83,9
Ambaguio *,"15,250",,156.26,98
Aritao **,"37,225",,265.6,140
Bagabag **,"35,501",,183.9,193
Bambang **,"53,433",,345,155
Bayombong (Capital) **,"61,512",,163.36,377
Diadi **,"18,122",,181.2,100
Dupax del Norte **,"27,514",,347.3,79
Dupax del Sur **,"19,111",,374.7,51
Kasibu **,"37,705",,318.8,118
Kayapa *,"23,714",,740.2,32
Quezon *,"21,056",,266.62,79
Santa Fe *,"16,180",,399.81,40
Solano **,"59,517",,139.8,426
Villaverde **,"18,507",,81.5,227
Quirino,"188,991",,"2,319.66",81
Aglipay **,"27,787",,161.7,172
Cabarroguis (Capital) *,"30,582",,260.2,118
Diffun **,"52,569",,320.1,164
Maddela **,"38,499",,918.57,42
Nagtipunan **,"23,484",,607.4,39
Saguday *,"16,070",,51.69,311
Central Luzon ,"11,218,177",,"21,906.19",512
Aurora,"214,336",,"3,133.40",68
Baler (Capital) *,"39,562",,92.54,428
Casiguran *,"24,313",,715.43,34
Dilasag *,"15,835",,306.25,52
Dinalungan *,"11,322",,316.85,36
Dingalan *,"25,482",,304.55,84
Dipaculao *,"29,736",,361.64,82
Maria Aurora *,"40,734",,426.29,96
San Luis *,"27,352",,609.85,45
Bataan,"760,650",,"1,372.98",554
Abucay *,"39,880",,79.72,500
Bagac **,"26,936",,231.2,117
Dinalupihan **,"106,371",,92.52,"1,150"
Hermosa **,"65,862",,157,420
Limay **,"68,071",,103.6,657
Mariveles **,"127,536",,153.9,829
Morong **,"29,901",,219.2,136
Orani **,"66,909",,64.9,"1,031"
Orion **,"56,002",,65.41,856
Pilar **,"41,823",,37.6,"1,112"
Samal **,"35,298",,56.3,627
Balanga,"96,061",,111.63,861
Bulacan,"3,292,071",,"2,783.69","1,183"
Angat *,"59,237",,61.59,962
Balagtas *,"73,929",,28.66,"2,580"
Baliuag *,"149,954",,45.05,"3,329"
Bocaue **,"119,675",,31.87,"3,755"
Bulacan **,"76,565",,72.9,"1,050"
Bustos **,"67,039",,69.99,958
Calumpit **,"108,757",,56.25,"1,933"
Doña Remedios Trinidad **,"22,663",,932.96,24
Guiguinto **,"99,730",,27.5,"3,627"
Hagonoy *,"129,807",,103.1,"1,259"
Marilao **,"221,965",,33.74,"6,579"
Norzagaray **,"111,348",,309.77,359
Obando **,"59,197",,52.1,"1,136"
Pandi **,"89,075",,31.2,"2,855"
Paombong *,"53,294",,46.34,"1,150"
Plaridel *,"107,805",,32.44,"3,323"
Pulilan *,"97,323",,39.89,"2,440"
San Ildefonso *,"104,471",,128.71,812
San Miguel **,"153,882",,231.4,665
San Rafael **,"94,655",,152.43,621
Santa Maria **,"256,454",,90.92,"2,821"
City of Malolos (Capital) *,"252,074",,67.25,"3,748"
City of Meycauayan **,"209,083",,32.1,"6,513"
City of San Jose del Monte **,"574,089",,105.53,"5,440"
Nueva Ecija,"2,151,461",,"5,689.69",378
Aliaga *,"63,543",,90.04,706
Bongabon *,"64,173",,242.91,264
Cabiao *,"79,007",,111.83,706
Carranglan *,"41,131",,705.31,58
Cuyapo *,"65,039",,215.73,301
Gabaldon *,"35,383",,225.28,157
General Mamerto Natividad **,"41,656",,118,353
General Tinio **,"47,865",,533.08,90
Guimba **,"118,655",,245.29,484
Jaen *,"73,184",,85.46,856
Laur *,"35,656",,295.88,121
Licab **,"28,254",,67.37,419
Llanera **,"39,701",,114.44,347
Lupao **,"43,788",,121.33,361
Nampicuan *,"14,954",,52.6,284
Pantabangan *,"29,925",,392.56,76
Peñaranda **,"29,882",,95,315
Quezon *,"40,592",,68.53,592
Rizal **,"64,087",,120.55,532
San Antonio *,"77,836",,153.56,507
San Isidro **,"51,612",,56.49,914
San Leonardo *,"65,299",,151.9,430
Santa Rosa *,"69,467",,147.15,472
Santo Domingo *,"57,943",,74.88,774
Talavera *,"124,829",,140.92,886
Talugtug **,"23,817",,93.95,254
Zaragoza *,"49,387",,72.02,686
Cabanatuan,"302,231",,282.75,"1,069"
City of Gapan **,"110,303",,164.44,671
Science City of Muñoz **,"81,483",,163.05,500
Palayan City (Capital) *,"41,041",,101.4,405
San Jose City **,"139,738",,185.99,751
Pampanga (excluding Angeles City),"2,198,110",,"2,001.22","1,098"
Apalit *,"107,965",,61.47,"1,756"
Arayat *,"133,492",,134.48,993
Bacolor *,"39,460",,71.7,550
Candaba **,"111,586",,176.4,633
Floridablanca *,"125,163",,175.48,713
Guagua **,"117,430",,48.67,"2,413"
Lubao *,"160,838",,155.77,"1,033"
Macabebe *,"75,850",,105.16,721
Magalang *,"113,147",,97.32,"1,163"
Masantol *,"57,063",,48.25,"1,183"
Mexico *,"154,624",,117.41,"1,317"
Minalin *,"47,713",,48.27,988
Porac **,"124,381",,314,396
San Luis *,"54,106",,56.83,952
San Simon *,"53,198",,57.37,927
Santa Ana *,"55,178",,39.84,"1,385"
Santa Rita **,"40,979",,29.76,"1,377"
Santo Tomas **,"40,475",,21.3,"1,900"
Sasmuan **,"28,004",,91.8,305
Mabalacat City ** 2,"250,799",,82.2,"3,051"
City of San Fernando (Capital) *,"306,659",,67.74,"4,527"
Angeles City *,"411,634",,63.37,"6,496"
Tarlac,"1,366,027",,"3,046.49",448
Anao *,"11,528",,23.87,483
Bamban **,"69,466",,251.98,276
Camiling *,"83,248",,140.53,592
Capas *,"140,202",,377.6,371
Concepcion *,"154,188",,234.67,657
Gerona **,"87,531",,128.89,679
La Paz *,"64,017",,114.33,560
Mayantoc **,"32,232",,311.42,104
Moncada *,"57,787",,85.75,674
Paniqui *,"92,606",,105.16,881
Pura *,"23,712",,31.01,765
Ramos *,"21,350",,24.4,875
San Clemente*,"12,657",,49.73,255
San Jose *,"36,253",,592.81,61
San Manuel **,"25,504",,42.1,606
Santa Ignacia *,"47,538",,146.07,325
Victoria *,"63,715",,111.51,571
Tarlac City,"342,493",,274.66,"1,247"
Zambales (excluding Olongapo City),"590,848",,"3,630.35",163
Botolan *,"57,707",,735.28,78
Cabangan **,"25,163",,175.29,144
Candelaria *,"27,174",,333.59,81
Castillejos *,"64,841",,92.99,697
Iba (Capital) **,"50,506",,153.38,329
Masinloc *,"47,719",,316.02,151
Palauig **,"34,947",,310,113
San Antonio **,"34,661",,188.12,184
San Felipe *,"23,183",,111.6,208
San Marcelino **,"33,665",,416.86,81
San Narciso **,"28,360",,71.6,396
Santa Cruz *,"58,151",,438.46,133
Subic *,"104,771",,287.16,365
Olongapo,"233,040",,185,"1,260"
Calabarzon,"14,414,774",,"16,576.26",870
Batangas,"2,694,335",,"3,115.05",865
Agoncillo **,"38,059",,49.96,762
Alitagtag *,"25,300",,24.76,"1,022"
Balayan *,"90,699",,108.73,834
Balete **,"22,661",,25,906
Bauan *,"91,297",,53.31,"1,713"
Calaca **,"81,859",,114.58,714
Calatagan *,"56,449",,101.5,556
Cuenca *,"32,783",,58.18,563
Ibaan *,"52,970",,68.99,768
Laurel **,"39,444",,71.29,553
Lemery **,"93,157",,109.8,848
Lian **,"52,660",,76.8,686
Lobo *,"41,504",,175.03,237
Mabini *,"46,211",,44.47,"1,039"
Malvar *,"56,270",,33,"1,705"
Mataasnakahoy *,"29,187",,19.66,"1,485"
Nasugbu *,"134,113",,278.51,482
Padre Garcia *,"48,302",,41.51,"1,164"
Rosario *,"116,764",,226.88,515
San Jose *,"76,971",,53.29,"1,444"
San Juan **,"108,585",,273.4,397
San Luis *,"33,149",,42.56,779
San Nicolas *,"22,623",,22.61,"1,001"
San Pascual *,"65,424",,50.7,"1,290"
Santa Teresita *,"21,127",,16.3,"1,296"
Santo Tomas **,"179,844",,95.41,"1,885"
Taal *,"56,327",,29.76,"1,893"
Talisay **,"45,301",,28.2,"1,606"
Taysan *,"38,007",,93.62,406
Tingloy *,"17,919",,33.07,542
Tuy *,"43,743",,94.65,462
Batangas City (Capital) *,"329,874",,282.96,"1,166"
Lipa,"332,386",,209.4,"1,587"
Tanauan,"173,366",,107.16,"1,618"
Cavite,"3,678,301",,"1,526.28","2,410"
Alfonso *,"51,839",,66.58,779
Amadeo *,"37,649",,36.92,"1,020"
Carmona *,"97,557",,29.75,"3,279"
Gen. Mariano Alvarez **,"155,143",,9.4,"16,505"
General Emilio Aguinaldo *,"22,220",,42.13,527
Indang *,"65,599",,74.9,876
Kawit *,"83,466",,25.15,"3,319"
Magallanes *,"22,727",,73.07,311
Maragondon **,"37,720",,164.61,229
Mendez-Nuñez *,"31,529",,43.27,729
Naic *,"111,454",,75.81,"1,470"
Noveleta *,"45,846",,16.43,"2,790"
Rosario *,"110,706",,7.61,"14,547"
Silang *,"248,085",,209.43,"1,185"
Tanza *,"226,188",,78.33,"2,888"
Ternate *,"23,157",,59.93,386
Bacoor City ** 3,"600,609",,46.17,"13,009"
Cavite City **,"102,806",,10.89,"9,440"
Dasmariñas,"659,019",,90.13,"7,312"
General Trias,"314,303",,90.01,"3,492"
Imus City * 5,"403,785",,171.66,"2,352"
Tagaytay City **,"71,181",,65,"1,095"
Trece Martires City (Capital) **,"155,713",,39.1,"3,982"
Laguna,"3,035,081",,"1,928.23","1,574"
Alaminos **,"47,859",,57.46,833
Bay **,"62,143",,42.66,"1,457"
Calauan *,"80,453",,77.85,"1,033"
Cavinti *,"21,702",,203.58,107
Famy *,"16,587",,53.06,313
Kalayaan *,"23,269",,46.6,499
Liliw **,"36,582",,39.1,936
Los Baños **,"112,008",,54.22,"2,066"
Luisiana *,"19,720",,73.31,269
Lumban **,"30,652",,40.53,756
Mabitac *,"20,530",,80.76,254
Magdalena *,"25,266",,35,722
Majayjay *,"27,792",,69.58,399
Nagcarlan **,"63,057",,78.1,807
Paete **,"25,096",,55.02,456
Pagsanjan *,"42,164",,27.4,"1,539"
Pakil **,"20,659",,46.5,444
Pangil **,"24,274",,45.03,539
Pila **,"50,289",,31.2,"1,612"
Rizal **,"17,253",,27.9,618
Santa Cruz (Capital) *,"117,605",,38.59,"3,048"
Santa Maria **,"30,830",,108.4,284
Siniloan *,"38,067",,64.51,590
Victoria *,"39,321",,22.35,"1,759"
Biñan,"333,028",,40.27,"8,270"
Cabuyao City * 6,"308,745",,43.3,"7,130"
City of Calamba **,"454,486",,149.5,"3,040"
San Pablo City *,"266,068",,197.56,"1,347"
San Pedro,"325,809",,24.05,"13,547"
City of Santa Rosa **,"353,767",,54.84,"6,451"
Quezon (excluding Lucena City),"1,856,582",,"8,743.84",212
Agdangan *,"12,851",,31.54,407
Alabat **,"15,630",,57.61,271
Atimonan *,"63,432",,239.66,265
Buenavista *,"30,047",,161.35,186
Burdeos **,"26,760",,199.82,134
Calauag *,"73,139",,324.71,225
Candelaria *,"117,434",,129.1,910
Catanauan *,"71,073",,253.07,281
Dolores *,"28,891",,62.6,462
General Luna *,"26,494",,101.02,262
General Nakar **,"29,705",,"1,343.75",22
Guinayangan **,"45,155",,214.12,211
Gumaca *,"73,877",,189.65,390
Infanta **,"69,079",,342.76,202
Jomalig *,"7,417",,53.93,138
Lopez *,"95,167",,355.38,268
Lucban *,"51,475",,130.46,395
Macalelon **,"28,188",,124.05,227
Mauban *,"63,819",,415.98,153
Mulanay **,"53,123",,420,126
Padre Burgos **,"22,460",,69.1,325
Pagbilao *,"75,023",,170.96,439
Panukulan **,"13,546",,226.61,60
Patnanungan **,"14,606",,139.2,105
Perez *,"12,173",,57.46,212
Pitogo *,"23,019",,73.39,314
Plaridel *,"10,935",,18.19,601
Polillo **,"30,582",,253,121
Quezon **,"15,228",,71.22,214
Real *,"35,979",,337.92,106
Sampaloc,"13,907",,104.78,133
lucena,"35,780",,172.93,207
Iriga *,"33,467",,60.99,549
San Francisco **,"61,473",,303.96,202
San Narciso *,"48,461",,263.58,184
Sariaya *,"148,980",,212.16,702
Tagkawayan *,"51,832",,534.35,97
Tiaong *,"99,712",,168.38,592
Unisan *,"26,884",,124.15,217
City of Tayabas *,"99,779",,230.95,432
Lucena*,"266,248",,80.21,"3,319"
Rizal,"2,884,227",,"1,182.65","2,439"
Angono **,"113,283",,26.22,"4,320"
Baras *,"69,300",,84.93,816
Binangonan **,"282,474",,66.34,"4,258"
Cainta **,"322,128",,42.99,"7,493"
Cardona *,"49,034",,19.27,"2,545"
Jala-Jala **,"32,254",,44.12,731
Morong *,"58,118",,37.58,"1,547"
Pililla *,"64,812",,69.95,927
Rodriguez  **,"369,222",,172.65,"2,139"
San Mateo **,"252,527",,55.09,"4,584"
Tanay *,"117,830",,200,589
Taytay **,"319,104",,38.8,"8,224"
Teresa *,"57,755",,18.61,"3,103"
City of Antipolo **,"776,386",,306.1,"2,536"
*Region IV-B – MIMAROPA,"2,963,360",,"29,606.25",100
Marinduque,"234,521",,952.58,246
Boac (Capital) **,"54,730",,212.7,257
Buenavista *,"23,988",,81.25,295
Gasan *,"34,828",,100.88,345
Mogpog *,"34,043",,108.06,315
Santa Cruz **,"56,408",,270.77,208
Torrijos *,"30,524",,178.92,171
Occidental Mindoro,"487,414",,"5,851.09",83
Abra de Ilog **,"31,306",,533.7,59
Calintaan **,"29,826",,382.5,78
Looc **,"10,117",,132.3,76
Lubang **,"18,803",,113.1,166
Magsaysay *,"36,016",,282.08,128
Mamburao (Capital) **,"42,975",,283.51,152
Paluan **,"16,025",,564.5,28
Rizal **,"38,263",,242.5,158
Sablayan **,"83,169",,"2,188.80",38
San Jose **,"143,430",,446.7,321
Santa Cruz **,"37,484",,681.4,55
Oriental Mindoro,"844,059",,"4,238.38",199
Baco **,"37,215",,216.23,172
Bansud *,"40,992",,343.47,119
Bongabong **,"72,073",,498.2,145
Bulalacao **,"39,107",,321.86,122
Gloria *,"45,073",,245.52,184
Mansalay **,"54,533",,446.62,122
Naujan **,"102,998",,503.1,205
Pinamalayan **,"86,172",,282.26,305
Pola *,"34,701",,159.34,218
Puerto Galera *,"36,606",,247.85,148
Roxas *,"53,201",,85.26,624
San Teodoro **,"17,904",,341,53
Socorro **,"39,099",,151.38,258
Victoria **,"50,492",,146.23,345
City of Calapan (Capital) *,"133,893",,250.06,535
Palawan (excluding Puerto Princesa City),"849,469",,"14,649.73",58
Aborlan **,"35,091",,807.33,43
Agutaya **,"12,545",,37.31,336
Araceli **,"14,909",,204.3,73
Balabac **,"40,142",,581.6,69
Bataraza *,"75,468",,726.2,104
Brooke's Point **,"66,374",,"1,303.40",51
Busuanga **,"22,046",,392.9,56
Cagayancillo *,"6,285",,26.39,238
Coron **,"51,803",,689.1,75
Culion **,"20,139",,499.59,40
Cuyo *,"22,360",,84.95,263
Dumaran **,"23,734",,435,55
El Nido **,"41,606",,923.26,45
Kalayaan **,184,,290,1
Linapacan **,"15,668",,195.44,80
Magsaysay **,"12,196",,49.48,246
Narra **,"73,212",,831.73,88
Quezon *,"60,980",,943.19,65
Rizal *,"50,096",,"1,256.47",40
Roxas **,"65,358",,"1,177.56",56
San Vicente *,"31,232",,"1,462.94",21
Sofronio Española **,"32,876",,473.91,69
Taytay *,"75,165",,"1,257.68",60
Puerto Princesa City (Capital) *,"255,116",,"2,381.02",107
Romblon,"292,781",,"1,533.45",191
Alcantara **,"16,351",,60.12,272
Banton *,"5,536",,32.48,170
Cajidiocan *,"21,861",,201.85,108
Calatrava **,"10,275",,86.7,119
Concepcion *,"4,037",,19.82,204
Corcuera *,"10,283",,28.53,360
Ferrol **,"6,964",,26.72,261
Looc *,"22,262",,132.82,168
Magdiwang *,"14,142",,100.75,140
Odiongan *,"45,367",,185.67,244
Romblon (Capital) **,"38,758",,86.87,446
San Agustin **,"22,598",,140.48,161
San Andres **,"15,589",,112,139
San Fernando *,"23,271",,196.87,118
San Jose *,"10,881",,22.05,493
Santa Fe *,"16,098",,63.52,253
Santa Maria **,"8,508",,36.2,235
Bicol,"5,796,989",,"18,114.47",320
Albay,"1,314,826",,"2,574.91",511
Bacacay **,"68,906",,122.13,564
Camalig *,"66,904",,130.9,511
Daraga *,"126,595",,118.64,"1,067"
Guinobatan *,"82,361",,244.43,337
Jovellar **,"17,308",,105.4,164
Libon *,"75,172",,235.7,319
Malilipot *,"37,785",,44.13,856
Malinao *,"45,301",,107.5,421
Manito **,"24,707",,107.4,230
Oas *,"67,960",,263.61,258
Pio Duran **,"46,693",,133.7,349
Polangui *,"88,221",,123.59,714
Rapu-Rapu **,"36,920",,155.3,238
Santo Domingo **,"34,967",,51.22,683
Tiwi **,"53,120",,105.76,502
Legazpi City (Capital) *,"196,639",,161.61,"1,217"
City of Ligao **,"111,399",,246.75,451
City of Tabaco **,"133,868",,117.14,"1,143"
Camarines Norte,"583,313",,"2,277.93",256
Basud **,"41,017",,260.28,158
Capalonga **,"32,215",,290,111
Daet (Capital) **,"104,799",,46,"2,278"
Jose Panganiban **,"59,639",,214.44,278
Labo **,"101,082",,589.36,172
Mercedes **,"50,841",,173.69,293
Paracale **,"59,149",,197.9,299
San Lorenzo Ruiz **,"14,063",,119.37,118
San Vicente *,"10,396",,57.49,181
Santa Elena **,"40,786",,199.35,205
Talisay *,"25,841",,30.76,840
Vinzons **,"43,485",,99.29,438
Camarines Sur,"1,952,544",,"5,511.90",354
Baao **,"58,849",,106.63,552
Balatan *,"30,922",,93.09,332
Bato *,"52,137",,107.12,487
Bombon *,"16,512",,28.73,575
Buhi *,"77,143",,246.65,313
Bula **,"69,430",,167.64,414
Cabusao **,"18,397",,46.8,393
Calabanga **,"83,033",,163.8,507
Camaligan *,"24,109",,4.68,"5,151"
Canaman *,"34,210",,43.27,791
Caramoan *,"47,605",,276,172
Del Gallego **,"25,397",,208.31,122
Gainza *,"11,262",,14.75,764
Garchitorena **,"27,010",,243.8,111
Goa *,"63,308",,206.18,307
Lagonoy **,"55,465",,377.9,147
Libmanan *,"108,716",,359.8,302
Lupi **,"32,167",,199.12,162
Magarao *,"25,694",,44.97,571
Milaor **,"31,150",,33.64,926
Minalabac **,"52,390",,126.1,415
Nabua **,"83,874",,96.2,872
Ocampo **,"45,934",,118.33,388
Pamplona **,"36,390",,80.6,451
Pasacao **,"49,035",,149.54,328
Pili (Capital) *,"89,545",,126.25,709
Presentacion  **,"20,996",,143.8,146
Ragay **,"58,214",,400.22,145
Sagñay **,"34,546",,154.76,223
San Fernando **,"35,258",,71.76,491
San Jose *,"40,623",,48.04,846
Sipocot *,"64,855",,243.43,266
Siruma *,"17,764",,141.27,126
Tigaon *,"55,272",,72.35,764
Tinambac *,"67,572",,351.62,192
Iriga,"111,757",,137.35,814
Naga,"196,003",,77.4,"2,532"
Catanduanes,"260,964",,"1,492.16",175
Bagamanoc *,"11,551",,80.74,143
Baras **,"12,848",,109.5,117
Bato *,"21,279",,48.62,438
Caramoran *,"30,056",,263.74,114
Gigmoto **,"8,368",,181.82,46
Pandan **,"20,516",,119.9,171
Panganiban *,"9,287",,79.96,116
San Andres *,"36,779",,167.31,220
San Miguel *,"15,006",,129.94,115
Viga *,"21,624",,158.23,137
Virac (Capital) **,"73,650",,152.4,483
Masbate,"892,393",,"4,138.56",216
Aroroy **,"86,168",,440.3,196
Baleno **,"26,096",,204.38,128
Balud *,"38,124",,231,165
Batuan **,"15,086",,56.28,268
Cataingan *,"50,327",,191.64,263
Cawayan **,"67,033",,260.19,258
Claveria *,"43,693",,182.98,239
Dimasalang **,"26,192",,148.07,177
Esperanza *,"18,568",,67.49,275
Mandaon *,"41,262",,319.15,129
Milagros **,"57,473",,565.3,102
Mobo **,"38,813",,143.47,271
Monreal **,"26,614",,128.67,207
Palanas *,"26,222",,119.53,219
Pio V. Corpuz *,"23,236",,89.33,260
Placer *,"55,826",,193.03,289
San Fernando **,"23,057",,77.5,298
San Jacinto **,"30,372",,122.4,248
San Pascual *,"46,674",,246.65,189
Uson **,"56,168",,163.2,344
City of Masbate (Capital) *,"95,389",,188,507
Sorsogon,"792,949",,"2,119.01",374
Barcelona *,"20,990",,61.18,343
Bulan *,"100,076",,196.96,508
Bulusan **,"22,884",,96.3,238
Casiguran *,"32,842",,87.13,377
Castilla **,"57,827",,186.2,311
Donsol **,"49,711",,156.2,318
Gubat *,"59,534",,134.51,443
Irosin *,"56,662",,149.87,378
Juban *,"32,320",,121.49,266
Magallanes *,"37,038",,150.09,247
Matnog **,"41,101",,162.4,253
Pilar **,"74,564",,248,301
Prieto Diaz **,"22,442",,49.07,457
Santa Magdalena **,"16,848",,43.5,387
City of Sorsogon (Capital) **,"168,110",,276.11,609
Western Visayas,"4,477,247",,"12,773.46",351
Aklan,"574,823",,"1,760.30",327
Altavas *,"24,619",,109.05,226
Balete *,"28,920",,118.93,243
Banga *,"39,505",,84.53,467
Batan *,"32,032",,79.22,404
Buruanga *,"19,003",,56.44,337
Ibajay *,"49,564",,158.9,312
Kalibo (Capital) **,"80,605",,50.75,"1,588"
Lezo **,"15,224",,23.4,651
Libacao *,"28,241",,254.98,111
Madalag *,"18,389",,269.6,68
Makato *,"27,262",,103.45,264
Malay *,"52,973",,10.66,"4,969"
Malinao *,"23,194",,186.01,125
Nabas *,"36,435",,96.82,376
New Washington *,"45,007",,66.69,675
Numancia **,"31,934",,28.84,"1,107"
Tangalan *,"21,916",,62.03,353
Antique,"582,012",,"2,730.67",213
Anini-y *,"21,201",,48.89,434
Barbaza *,"22,704",,154.36,147
Belison *,"13,539",,19.78,684
Bugasong *,"33,642",,203.71,165
Caluya *,"35,496",,136.81,259
Culasi *,"41,228",,228.56,180
Hamtic **,"48,592",,113.03,430
Laua-an **,"26,072",,100.72,259
Libertad **,"16,429",,97,169
Pandan **,"34,333",,113.98,301
Patnongon **,"37,176",,167.92,221
San Jose (Capital) *,"62,534",,48.56,"1,288"
San Remigio **,"31,935",,406.98,78
Sebaste *,"17,907",,111.64,160
Sibalom *,"60,306",,201.3,300
Tibiao *,"26,748",,177.42,151
Tobias Fornier  **,"33,046",,112.12,295
Valderrama *,"19,124",,287.89,66
Capiz,"761,384",,"2,594.64",293
Cuartero **,"27,408",,106.58,257
Dao **,"32,496",,88.64,367
Dumalag *,"29,466",,109.18,270
Dumarao *,"46,157",,232.56,198
Ivisan *,"29,055",,54.2,536
Jamindan *,"36,677",,412.03,89
Ma-ayon **,"38,416",,142.32,270
Mambusao *,"39,644",,136.91,290
Panay *,"46,114",,116.37,396
Panitan*,"40,289",,89.88,448
Pilar *,"45,287",,77.99,581
Pontevedra *,"46,428",,130.9,355
President Roxas **,"29,676",,77.88,381
Sapi-an **,"25,821",,105.24,245
Sigma *,"30,134",,101.71,296
Tapaz *,"51,313",,517.18,99
Roxas City (Capital) *,"167,003",,95.07,"1,757"
Guimaras,"174,613",,611.87,285
Buenavista *,"50,437",,115.6,436
Jordan (Capital) **,"36,096",,126.11,286
Nueva Valencia *,"39,810",,137.12,290
San Lorenzo *,"26,112",,106.23,246
Sibunag *,"22,158",,126.81,175
Iloilo (excluding Iloilo City),"1,936,423",,"4,997.64",387
Ajuy *,"52,268",,175.57,298
Alimodian *,"38,408",,144.82,265
Anilao *,"28,684",,85.09,337
Badiangan **,"27,005",,77.5,348
Balasan *,"33,088",,54.27,610
Banate *,"32,532",,73.48,443
Barotac Nuevo *,"54,146",,94.49,573
Barotac Viejo **,"45,808",,185.78,247
Batad *,"21,298",,53.1,401
Bingawan **,"15,199",,85.2,178
Cabatuan *,"58,442",,112.9,518
Calinog **,"60,413",,274.55,220
Carles *,"68,160",,104.05,655
Concepcion **,"43,159",,86.12,501
Dingle *,"45,335",,98.37,461
Dueñas *,"34,242",,90.52,378
Dumangas *,"69,108",,128.7,537
Estancia *,"48,546",,29.38,"1,652"
Guimbal *,"33,820",,44.63,758
Igbaras *,"32,004",,148.72,215
Janiuay **,"63,905",,179.1,357
Lambunao *,"73,640",,407.09,181
Leganes **,"32,480",,32.2,"1,009"
Lemery *,"30,851",,137.55,224
Leon *,"49,875",,163.97,304
Maasin **,"36,922",,128.59,287
Miagao *,"67,565",,156.8,431
Mina **,"23,546",,43.4,543
New Lucena **,"23,240",,44.1,527
Oton **,"89,115",,86.44,"1,031"
Pavia **,"55,603",,27.15,"2,048"
Pototan **,"75,070",,97.1,773
San Dionisio *,"38,775",,127.06,305
San Enrique **,"33,911",,110.28,307
San Joaquin *,"51,892",,234.84,221
San Miguel *,"27,686",,31.97,866
San Rafael **,"16,532",,67.05,247
Santa Barbara *,"60,215",,131.96,456
Sara **,"52,631",,169.02,311
Tigbauan **,"62,706",,83.68,749
Tubungan *,"22,449",,85.18,264
Zarraga **,"25,605",,54.48,470
City of Passi **,"80,544",,251.39,320
Iloilo City*,"447,992",,78.34,"5,719"
Central Visayas,"6,041,903",,"10,452.01",578
Bohol,"1,313,560",,"4,772.52",275
Alburquerque **,"10,540",,26.98,391
Alicia **,"23,517",,114.5,205
Anda *,"16,462",,61.89,266
Antequera **,"14,425",,118.6,122
Baclayon *,"20,591",,34.43,598
Balilihan **,"17,903",,127.27,141
Batuan *,"12,767",,48.79,262
Bien Unido **,"27,115",,27.39,990
Bilar *,"17,590",,129.71,136
Buenavista **,"27,261",,96,284
Calape *,"30,863",,75.36,410
Candijay **,"29,475",,103.26,285
Carmen **,"46,306",,239.45,193
Catigbian *,"22,675",,113.33,200
Clarin **,"20,301",,52.12,390
Corella *,"8,479",,37.22,228
Cortes **,"16,954",,27.32,621
Dagohoy **,"19,158",,77.59,247
Danao **,"17,890",,162.76,110
Dauis **,"45,663",,43.33,"1,054"
Dimiao **,"14,364",,135.75,106
Duero **,"17,876",,97.3,184
Garcia Hernandez *,"24,194",,84.62,286
Getafe **,"30,955",,179.17,173
Guindulman **,"32,408",,125.63,258
Inabanga **,"45,880",,168.49,272
Jagna **,"33,892",,120.5,281
Lila **,"12,257",,40.5,303
Loay *,"16,691",,48.24,346
Loboc *,"15,993",,57.65,277
Loon **,"43,034",,113.36,380
Mabini *,"27,171",,104.57,260
Maribojoc **,"20,688",,49.35,419
Panglao *,"33,553",,47.79,702
Pilar *,"27,256",,120.39,226
Pres. Carlos P. Garcia **,"23,356",,54.82,426
Sagbayan *,"22,339",,69.61,321
San Isidro *,"8,744",,60.04,146
San Miguel *,"24,135",,123.29,196
Sevilla **,"10,661",,116.75,91
Sierra Bullones **,"24,745",,198.87,124
Sikatuna *,"6,726",,38.22,176
Talibon **,"66,969",,140.46,477
Trinidad **,"31,956",,195.3,164
Tubigon **,"45,893",,81.87,561
Ubay **,"73,712",,335.06,220
Valencia *,"27,126",,111.12,244
Tagbilaran City (Capital) *,"105,051",,36.5,"2,878"
"*Cebu (excluding Cebu City, Lapu-Lapu City,  and Mandaue City)","2,938,982",,"4,943.72",594
Alcantara **,"15,160",,35.2,431
Alcoy **,"16,979",,61.63,275
Alegria *,"23,300",,89.49,260
Aloguinsan *,"32,100",,61.92,518
Argao **,"72,366",,191.5,378
Asturias *,"47,857",,190.45,251
Badian **,"37,912",,110.07,344
Balamban **,"87,177",,333.56,261
Bantayan *,"79,084",,81.68,968
Barili *,"73,862",,122.21,604
Boljoon **,"16,344",,117,140
Borbon **,"35,526",,120.94,294
Carmen **,"51,325",,84.78,605
Catmon **,"30,471",,109.64,278
Compostela **,"47,898",,53.9,889
Consolacion **,"131,528",,147.2,894
Cordova **,"59,712",,17.15,"3,482"
Daanbantayan *,"84,430",,92.27,915
Dalaguete *,"67,497",,154.96,436
Dumanjug *,"51,210",,85.53,599
Ginatilan **,"15,919",,70.1,227
Liloan **,"118,753",,45.92,"2,586"
Madridejos *,"36,429",,23.95,"1,521"
Malabuyoc **,"19,373",,69.27,280
Medellin *,"55,332",,73.19,756
Minglanilla *,"132,135",,65.6,"2,014"
Moalboal *,"31,130",,124.86,249
Oslob *,"27,893",,134.75,207
Pilar *,"11,308",,32.42,349
Pinamungahan **,"65,955",,109.16,604
Poro **,"25,212",,63.59,396
Ronda *,"20,360",,57.1,357
Samboan **,"20,884",,45.16,462
San Fernando **,"66,280",,69.39,955
San Francisco **,"55,180",,106.93,516
San Remigio **,"57,557",,95.27,604
Santa Fe **,"28,603",,28.05,"1,020"
Santander **,"17,857",,29.53,605
Sibonga **,"48,186",,133.45,361
Sogod **,"35,108",,119.23,294
Tabogon **,"39,013",,101.35,385
Tabuelan **,"25,630",,141.13,182
Tuburan **,"63,866",,224.5,284
Tudela *,"11,296",,33.02,342
City of Bogo **,"78,120",,103.52,755
City of Carcar **,"119,664",,116.78,"1,025"
Danao City **,"136,471",,107.3,"1,272"
City of Naga *,"115,750",,101.97,"1,135"
City of Talisay **,"227,645",,39.87,"5,710"
Toledo City *,"170,335",,216.28,788
Cebu City,"922,611",,315,"2,929"
Lapu-lapu City *,"408,112",,58.1,"7,024"
Mandaue,"362,654",,25.18,"14,402"
Siquijor,"95,984",,337.49,284
Enrique Villanueva **,"6,104",,28.6,213
Larena *,"13,847",,49.81,278
Lazi **,"20,490",,70.64,290
Maria **,"13,828",,53.37,259
San Juan **,"14,854",,44.37,335
Siquijor (Capital) **,"26,861",,90.7,296
*Negros Island Region (NIR) 8,"4,414,131",,"13,425.40",329
Negros Occidental (excluding Bacolod City) 9,"2,497,261",,"7,844.12",318
Binalbagan **,"67,270",,189.96,354
Calatrava **,"80,624",,504.5,160
Candoni *,"21,789",,220.95,99
Cauayan **,"102,165",,520,196
Enrique B. Magalona *,"62,921",,113.25,556
Hinigaran **,"85,602",,154.92,553
Hinoba-an **,"56,819",,414.5,137
Ilog *,"57,389",,322.1,178
Isabela **,"62,146",,178.76,348
La Castellana **,"74,855",,185.22,404
Manapla **,"54,845",,112.86,486
Moises Padilla **,"41,386",,144.1,287
Murcia **,"81,286",,279.14,291
Pontevedra *,"51,866",,110.95,467
Pulupandan *,"27,735",,18.49,"1,500"
Salvador Benedicto *,"25,662",,170.56,150
San Enrique **,"23,907",,28.84,829
Toboso **,"42,114",,117.33,359
Valladolid *,"37,833",,48.03,788
Bago City *,"170,981",,371.8,460
Cadiz City **,"154,723",,524.57,295
City of Escalante **,"94,070",,192.76,488
City of Himamaylan **,"106,880",,367.04,291
City of Kabankalan *,"181,977",,699.27,260
La Carlota City *,"64,469",,137.29,470
Sagay City **,"146,264",,330.34,443
San Carlos City **,"132,536",,451.5,294
Silay City *,"126,930",,220.21,576
City of Sipalay **,"70,070",,379.78,185
City of Talisay **,"102,214",,201.18,508
City of Victorias **,"87,933",,133.92,657
Bacolod,"561,875",,160.71,"3,496"
Negros Oriental 11,"1,354,995",,"5,420.57",250
Amlan *,"23,624",,111.85,211
Ayungon *,"46,303",,265.1,175
Bacong *,"36,527",,40.3,906
Basay *,"26,566",,162,164
Bindoy **,"39,819",,173.7,229
Dauin **,"27,786",,114.1,244
Jimalalud **,"30,945",,139.5,222
La Libertad *,"38,602",,174.64,221
Mabinay **,"78,864",,319.44,247
Manjuyod **,"42,332",,264.6,160
Pamplona **,"37,596",,202.2,186
San Jose *,"20,413",,54.46,375
Santa Catalina **,"75,756",,523.1,145
Siaton **,"77,696",,335.9,231
Sibulan *,"59,455",,163,365
Tayasan **,"35,470",,154.2,230
Valencia  **,"34,852",,147.49,236
Vallehermoso *,"38,259",,101.25,378
Zamboanguita **,"27,552",,85.86,321
Bais City **,"76,291",,319.64,239
City of Bayawan **,"117,900",,699.08,169
Canlaon City *,"54,509",,170.93,319
Dumaguete,"131,377",,33.62,"3,908"
City of Guihulngan **,"95,969",,388.56,247
City of Tanjay **,"80,532",,276.05,292
*Region VIII – Eastern Visayas,"4,440,150",,"23,234.78",191
Biliran,"171,612",,536.01,320
Almeria *,"16,951",,57.46,295
Biliran *,"16,882",,70.3,240
Cabucgayan *,"20,788",,54.19,384
Caibiran *,"22,524",,83.55,270
Culaba *,"12,325",,73.42,168
Kawayan **,"20,291",,61.02,333
Maripipi *,"7,159",,27.83,257
Naval (Capital) *,"54,692",,108.24,505
Eastern Samar,"467,160",,"4,617.16",101
Arteche *,"16,026",,138.81,115
Balangiga **,"14,085",,190.05,74
Balangkayan *,"10,125",,207.05,49
Can-avid **,"21,015",,288.7,73
Dolores **,"42,866",,308.58,139
General Macarthur **,"14,550",,117.29,124
Giporlos **,"13,308",,97.51,136
Guiuan **,"52,991",,175.49,302
Hernani **,"8,573",,49.42,173
Jipapad **,"7,885",,234.8,34
Lawaan *,"12,742",,162.56,78
Llorente **,"20,149",,496.07,41
Maslog **,"5,407",,249.8,22
Maydolong **,"14,743",,399.63,37
Mercedes **,"6,070",,23.32,260
Oras **,"36,540",,188.7,194
Quinapondan *,"14,779",,83.24,178
Salcedo **,"22,532",,113.8,198
San Julian **,"14,498",,150.62,96
San Policarpo *,"14,687",,65.7,224
Sulat **,"15,377",,169.75,91
Taft **,"18,915",,231.27,82
City of Borongan (Capital) **,"69,297",,475,146
Leyte (excluding Tacloban City),"1,724,679",,"6,335.44",272
Abuyog **,"59,571",,688.25,87
Alangalang *,"55,235",,150.54,367
Albuera **,"46,332",,303.35,153
Babatngon *,"27,797",,115.18,241
Barugo **,"32,745",,84.62,387
Bato *,"38,356",,72.45,529
Burauen **,"52,732",,265.33,199
Calubian **,"31,228",,100.95,309
Capoocan **,"33,617",,185.4,181
Carigara *,"51,345",,117.86,436
Dagami **,"35,147",,161.65,217
Dulag **,"47,300",,110.7,427
Hilongos *,"63,431",,192.92,329
Hindang *,"20,924",,57.66,363
Inopacan *,"20,550",,109.11,188
Isabel * ,"46,915",,64.01,733
Jaro *,"43,199",,207.19,208
Javier **,"25,379",,152.7,166
Julita **,"15,114",,53.3,284
Kananga **,"56,575",,144.2,392
La Paz **,"19,998",,72.7,275
Leyte *,"40,639",,181.26,224
Macarthur **,"21,211",,57.57,368
Mahaplag **,"27,823",,104.79,266
Matag-ob **,"18,373",,104.4,176
Matalom **,"33,121",,132,251
Mayorga **,"17,161",,42.17,407
Merida *,"29,863",,95.21,314
Palo **,"70,052",,221.27,317
Palompon *,"58,108",,126.07,461
Pastrana **,"18,002",,86.35,208
San Isidro **,"31,641",,122.5,258
San Miguel *,"19,420",,145.11,134
Santa Fe **,"20,439",,53.97,379
Tabango **,"34,195",,96.62,354
Tabontabon *,"11,204",,24.18,463
Tanauan *,"55,021",,78.41,702
Tolosa *,"20,978",,22.54,931
Tunga *,"7,584",,7.7,985
Villaba **,"41,891",,150.31,279
City of Baybay **,"109,432",,459.34,238
Ormoc City **,"215,031",,613.6,350
Tacloban City (Capital) *,"242,089",,201.72,"1,200"
Northern Samar,"632,379",,"3,694.96",171
Allen *,"25,469",,47.6,535
Biri *,"11,767",,24.62,478
Bobon **,"23,668",,130,182
Capul **,"12,679",,35.56,357
Catarman (Capital) **,"94,037",,464.43,202
Catubig *,"33,025",,217.02,152
Gamay **,"23,511",,115.1,204
Laoang *,"61,359",,246.94,248
Lapinig **,"13,020",,57.3,227
Las Navas **,"37,947",,282.61,134
Lavezares **,"28,770",,119.5,241
Lope de Vega **,"14,687",,280,52
Mapanas **,"14,025",,117.85,119
Mondragon *,"38,726",,288.9,134
Palapag **,"34,286",,179.6,191
Pambujan **,"33,062",,163.9,202
Rosario **,"10,520",,31.6,333
San Antonio **,"9,058",,27,335
San Isidro **,"26,650",,255.9,104
San Jose,"17,561",,29.85,588
San Roque *,"30,580",,152.98,200
San Vicente **,"7,856",,15.8,497
Silvino Lobos **,"15,299",,224.2,68
Victoria **,"14,817",,186.7,79
Samar (Western Samar),"780,481",,"6,048.03",129
Almagro *,"8,942",,51.36,174
Basey **,"55,480",,513.01,108
Calbiga **,"22,982",,283.7,81
Daram **,"42,879",,140.26,306
Gandara *,"34,434",,573.49,60
Hinabangan *,"13,673",,460.08,30
Jiabong **,"18,342",,67.7,271
Marabut *,"16,962",,143.55,118
Matuguinao *,"7,288",,172.51,42
Motiong **,"15,156",,174.4,87
Pagsanghan **,"7,945",,30,265
Paranas *,"30,557",,556.12,55
Pinabacdao **,"18,252",,183.06,100
San Jorge **,"17,184",,241.2,71
San Jose de Buan **,"7,769",,366.9,21
San Sebastian **,"8,057",,39.07,206
Santa Margarita *,"26,348",,129.12,204
Santa Rita **,"41,591",,411.77,101
Santo Niño *,"12,863",,29.53,436
Tagapul-an **,"8,473",,28.7,295
Talalora *,"8,057",,27.96,288
Tarangnan *,"24,992",,132.49,189
Villareal *,"28,230",,98.54,286
Zumarraga *,"16,295",,38.55,423
Calbayog City **,"183,851",,880.74,209
City of Catbalogan (Capital) *,"103,879",,274.22,379
Southern Leyte,"421,750",,"1,801.46",234
Anahawan **,"8,211",,58.09,141
Bontoc **,"28,905",,102.1,283
Hinunangan **,"29,976",,170.58,176
Hinundayan **,"12,285",,59.9,205
Libagon *,"15,169",,98.62,154
Liloan *,"23,981",,50.3,477
Limasawa **,"6,061",,6.98,868
Macrohon *,"26,244",,126.39,208
Malitbog *,"22,923",,77.82,295
Padre Burgos *,"11,091",,25.65,432
Pintuyan *,"9,826",,36.98,266
Saint Bernard **,"28,395",,100.2,283
San Francisco *,"13,402",,68.6,195
San Juan *,"14,858",,96.12,155
San Ricardo *,"10,494",,47.56,221
Silago **,"12,775",,215.05,59
Sogod **,"44,986",,192.7,233
Tomas Oppus *,"16,608",,56.11,296
City of Maasin (Capital) *,"85,560",,211.71,404
Region IX – Zamboanga Peninsula (including the City of Isabela),"3,629,783",,"16,904.03",215
Zamboanga del Norte,"1,011,393",,"7,300.11",139
Bacungan **,"26,221",,255.5,103
Baliguian **,"22,588",,439.26,51
Godod **,"17,424",,190,92
Gutalac **,"34,654",,492.86,70
Jose Dalman **,"27,388",,135,203
Kalawit **,"23,633",,217.89,108
Katipunan **,"45,577",,244.12,187
La Libertad **,"8,406",,69.51,121
Labason **,"41,357",,169.58,244
Liloy *,"39,812",,126.9,314
Manukan **,"36,526",,246.35,148
Mutia **,"12,675",,73.58,172
Piñan  **,"20,161",,93.75,215
Polanco **,"39,347",,206.88,190
Pres. Manuel A. Roxas **,"39,323",,206.25,191
Rizal **,"14,021",,80.03,175
Salug **,"32,204",,206.6,156
Sergio Osmeña Sr. *,"30,220",,557.08,54
Siayan **,"34,966",,494.75,71
Sibuco **,"34,620",,782.54,44
Sibutad *,"17,645",,65.57,269
Sindangan **,"99,435",,451,220
Siocon **,"46,907",,503.2,93
Sirawai **,"28,799",,222.5,129
Tampilisan **,"24,307",,137.75,176
Dapitan City **,"82,418",,390.53,211
Dipolog City (Capital) *,"130,759",,241.13,542
Zamboanga del Sur,"1,010,674",,"4,484.21",225
Aurora **,"50,755",,180.95,280
Bayog **,"33,591",,356.4,94
Dimataling **,"30,081",,141.8,212
Dinas **,"35,504",,121.1,293
Dumalinao *,"32,013",,117.64,272
Dumingag **,"47,485",,297.75,159
Guipos **,"20,729",,90.53,229
Josefina *,"11,799",,56.35,209
Kumalarang **,"28,469",,151.49,188
Labangan *,"41,790",,157.9,265
Lakewood **,"20,374",,201.3,101
Lapuyan **,"27,264",,329,83
Mahayag **,"46,516",,194.9,239
Margosatubig **,"37,873",,111.69,339
Midsalip **,"32,075",,161.56,199
Molave **,"52,006",,251.5,207
Pitogo **,"27,057",,95.94,282
Ramon Magsaysay  **,"26,606",,113.7,234
San Miguel *,"19,205",,181.59,106
San Pablo **,"26,106",,149.9,174
Sominot **,"18,537",,111.52,166
Tabina *,"25,061",,71.65,350
Tambulig **,"36,160",,130.65,277
Tigbao **,"20,979",,120.69,174
Tukuran *,"39,820",,144.91,275
Vincenzo A. Sagun **,"23,759",,63,377
Pagadian City (Capital) **,"199,060",,378.8,526
Zamboanga City **,"861,799",,"1,414.70",609
Zamboanga Sibugay,"633,129",,"3,481.28",182
Alicia *,"36,013",,183.08,197
Buug **,"36,634",,134.06,273
Diplahan **,"32,428",,255.51,127
Imelda **,"28,018",,85.12,329
Ipil (Capital) *,"74,656",,168.46,443
Kabasalan **,"44,336",,289.2,153
Mabuhay **,"36,870",,82.85,445
Malangas **,"33,380",,235.53,142
Naga **,"38,547",,246.3,157
Olutanga **,"33,671",,113.3,297
Payao *,"31,686",,192.33,165
Roseller Lim **,"43,646",,300,145
Siay **,"41,572",,313.66,133
Talusan **,"29,969",,58.16,515
Titay *,"49,673",,350.44,142
Tungawan **,"42,030",,473.28,89
City of Isabela (Capital of Basilan) **,"112,788",,223.73,504
Northern Mindanao,"4,689,302",,"20,458.51",229
Bukidnon,"1,415,226",,"10,498.59",135
Baungon **,"34,336",,328.34,105
Cabanglasan *,"33,997",,243.3,140
Damulog **,"30,302",,244.19,124
Dangcagan **,"23,723",,422.69,56
Don Carlos *,"66,959",,213.72,313
Impasug-ong **,"47,859",,"1,051.17",46
Kadingilan **,"33,778",,171.94,196
Kalilangan **,"41,601",,251.43,165
Kibawe **,"39,612",,304.13,130
Kitaotao **,"50,260",,788.78,64
Lantapan *,"61,776",,328.35,188
Libona **,"43,969",,374.37,117
Malitbog **,"24,453",,581.85,42
Manolo Fortich **,"100,210",,413.6,242
Maramag *,"102,089",,447.26,228
Pangantucan **,"53,126",,461.72,115
Quezon *,"104,116",,626.86,166
San Fernando **,"56,138",,705.06,80
Sumilao **,"27,660",,196.95,140
Talakag *,"71,644",,786.4,91
City of Malaybalay (Capital) **,"174,625",,969.19,180
City of Valencia **,"192,993",,587.29,329
Camiguin,"88,478",,241.44,366
Catarman *,"16,798",,53.75,313
Guinsiliban *,"6,281",,18.52,339
Mahinog *,"14,038",,36.04,390
Mambajao (Capital) **,"38,735",,89,435
Sagay *,"12,626",,44.13,286
Lanao del Norte (excluding Iligan City),"676,395",,"3,354.16",202
Bacolod **,"23,034",,104.1,221
Baloi **,"58,383",,90.98,642
Baroy **,"22,600",,72.35,312
Kapatagan *,"62,853",,250.48,251
Kauswagan **,"26,278",,60.37,435
Kolambugan **,"27,005",,134.55,201
Lala *,"67,727",,140.25,483
Linamon **,"20,341",,76.38,266
Magsaysay **,"19,019",,151.83,125
Maigo **,"21,666",,121.45,178
Matungao **,"13,975",,45.74,306
Munai **,"32,973",,197.5,167
Nunungan **,"18,367",,473.28,39
Pantao Ragat **,"27,866",,124.3,224
Pantar **,"21,773",,70.4,309
Poona Piagapo **,"27,018",,260.07,104
Salvador **,"31,845",,113.99,279
Sapad **,"21,309",,140.03,152
Sultan Naga Dimaporo  **,"56,764",,230.99,246
Tagoloan **,"13,253",,69.7,190
Tangcal **,"15,181",,178.62,85
Tubod (Capital) **,"47,165",,246.8,191
Iligan City **,"342,618",,813.37,421
Misamis Occidental,"602,126",,"2,006.63",300
Aloran **,"27,625",,118.06,234
Baliangao **,"17,092",,81.72,209
Bonifacio **,"32,345",,155.02,209
Calamba **,"21,676",,76,285
Clarin *,"37,548",,75.73,496
Concepcion **,"10,937",,61.6,178
Don Victoriano Chiongbian  **,"10,183",,284.6,36
Jimenez **,"27,654",,81.43,340
Lopez Jaena **,"25,055",,94.7,265
Panaon **,"10,209",,46.8,218
Plaridel **,"38,900",,80,486
Sapang Dalaga **,"19,983",,93.93,213
Sinacaban **,"18,391",,99.09,186
Tudela *,"28,932",,87.34,331
Oroquieta City (Capital) **,"70,757",,237.88,297
Ozamis City **,"141,828",,169.95,835
Tangub City **,"63,011",,162.78,387
Misamis Oriental (excluding Cagayan de Oro City),"888,509",,"3,131.52",284
Alubijid **,"29,724",,85.56,347
Balingasag **,"67,059",,147.11,456
Balingoan *,"11,051",,57.8,191
Binuangan *,"7,515",,30.43,247
Claveria **,"48,906",,579.63,84
Gitagum **,"16,373",,43.4,377
Initao **,"32,370",,111.27,291
Jasaan *,"54,478",,77.02,707
Kinoguitan *,"14,391",,42.56,338
Lagonglong **,"21,659",,83.78,259
Laguindingan **,"24,405",,44.23,552
Libertad *,"12,354",,22.47,550
Lugait **,"19,758",,27.45,720
Magsaysay **,"34,605",,143.14,242
Manticao **,"28,422",,123.01,231
Medina *,"32,907",,148.29,222
Naawan **,"21,213",,88.5,240
Opol **,"61,503",,175.13,351
Salay **,"28,705",,92.79,309
Sugbongcogon *,"9,226",,26.5,348
Tagoloan **,"73,150",,117.73,621
Talisayan **,"24,505",,140.33,175
Villanueva **,"39,378",,48.8,807
City of El Salvador **,"50,204",,106.15,473
Gingoog City **,"124,648",,568.44,219
Cagayan de Oro,"675,950",,412.8,"1,637"
Davao Region,"4,893,318",,"20,433.38",239
Compostela Valley,"736,107",,"4,560.09",161
Compostela **,"87,474",,287,305
Laak  **,"73,874",,768,96
Mabini **,"41,102",,400,103
Maco **,"81,277",,342.23,237
Maragusan **,"60,842",,394.27,154
Mawab **,"37,065",,136.1,272
Monkayo **,"94,908",,609.61,156
Montevista *,"43,706",,265.6,165
Nabunturan (Capital) *,"82,234",,270,305
New Bataan *,"47,726",,554.17,86
Pantukan *,"85,899",,533.11,161
Davao del Norte,"1,016,332",,"3,422.61",297
Asuncion *,"59,322",,297.39,199
Braulio E. Dujali *,"30,104",,99.76,302
Carmen **,"74,679",,166,450
Kapalong *,"76,334",,830.01,92
New Corella *,"54,844",,250,219
San Isidro **,"26,651",,152.49,175
Santo Tomas **,"118,750",,221.8,535
Talaingod **,"27,482",,656.83,42
City of Panabo **,"184,599",,251.23,735
Island Garden City of Samal **,"104,123",,301.3,346
City of Tagum (Capital) **,"259,444",,195.8,"1,325"
Davao del Sur (excluding Davao City),"632,588",,"2,163.98",292
Bansalan **,"60,440",,157.75,383
Hagonoy **,"53,309",,114.28,466
Kiblawan **,"48,897",,390.07,125
Magsaysay **,"53,876",,268.09,201
Malalag **,"38,731",,186.12,208
Matanao **,"56,755",,202.4,280
Padada**,"26,587",,83,320
Santa Cruz *,"90,987",,319.91,284
Sulop **,"33,613",,155.26,216
City of Digos (Capital) **,"169,393",,287.1,590
Davao City,"1,632,991",,"2,443.61",668
Davao Occidental 12,"316,342",,"2,163.45",146
Don Marcelino **,"44,554",,407.3,109
Jose Abad Santos *,"76,332",,600.06,127
Malita (Capital) *,"117,746",,883.37,133
Santa Maria **,"53,671",,175,307
Sarangani **,"24,039",,97.72,246
Davao Oriental,"558,958",,"5,679.64",98
Baganga *,"56,241",,945.5,59
Banaybanay **,"41,117",,408.52,101
Boston **,"13,535",,357.03,38
Caraga **,"40,379",,642.7,63
Cateel **,"40,704",,545.56,75
Governor Generoso **,"55,109",,365.75,151
Lupon **,"65,785",,886.39,74
Manay *,"42,690",,418.36,102
San Isidro *,"36,032",,220.44,163
Tarragona *,"26,225",,300.76,87
City of Mati (Capital) **,"141,141",,588.63,240
Soccsksargen,"4,545,276",,"22,786.08",199
Cotabato (North Cotabato),"1,379,747",,"9,317.30",148
Alamada **,"64,596",,787.5,82
Aleosan **,"39,405",,225.44,175
Antipas **,"25,304",,552.5,46
Arakan **,"48,228",,693.22,70
Banisilan **,"43,677",,577.22,76
Carmen **,"95,921",,"1,110.43",86
Kabacan **,"89,161",,448.09,199
Libungan *,"48,768",,191.57,255
M'lang **,"95,070",,312.13,305
Magpet *,"49,201",,"1,044.69",47
Makilala **,"83,851",,343.57,244
Matalam **,"79,361",,476,167
Midsayap **,"151,684",,290.42,522
Pigkawayan **,"66,796",,340.11,196
Pikit **,"154,441",,604.61,255
President Roxas *,"47,575",,618.25,77
Tulunan **,"56,513",,343.08,165
City of Kidapawan (Capital) **,"140,195",,358.47,391
Sarangani,"544,261",,"3,642.16",149
Alabel (Capital) **,"80,359",,510.98,157
Glan **,"118,263",,533.51,222
Kiamba *,"61,058",,446.38,137
Maasim *,"59,468",,500.43,119
Maitum **,"44,595",,290.66,153
Malapatan **,"76,914",,609.28,126
Malungon *,"103,604",,750.92,138
South Cotabato (excluding General Santos City),"915,289",,"3,793.90",241
Banga **,"83,989",,240.35,349
Lake Sebu **,"87,442",,702,125
Norala *,"46,642",,188.11,248
Polomolok **,"152,589",,339.97,449
Santo Niño *,"40,947",,85.01,482
Surallah *,"84,539",,297.93,284
T'boli **,"91,453",,895.83,102
Tampakan **,"39,525",,390,101
Tantangan *,"43,245",,149.7,289
Tupi **,"69,976",,228,307
City of Koronadal (Capital) **,"174,942",,277,632
General Santos City  **,"594,446",,492.86,"1,206"
Sultan Kudarat,"812,095",,"5,363.86",151
Bagumbayan *,"67,061",,672.06,100
Columbio **,"33,258",,926.15,36
Esperanza **,"66,095",,324.29,204
Isulan (Capital) *,"90,682",,545.87,166
Kalamansig **,"49,059",,699.2,70
Lambayong *,"77,013",,216.35,356
Lebak **,"88,868",,470.86,189
Lutayan **,"63,029",,271,233
Palimbang **,"90,424",,484.85,186
President Quirino **,"41,408",,208.4,199
Sen. Ninoy Aquino *,"46,882",,391.43,120
Tacurong,"98,316",,153.4,641
Cotabato City,"299,438",,176,"1,701"
*Region XIII - Caraga,"2,596,709",,"21,120.56",123
Agusan del Norte (excluding Butuan City),"354,503",,"2,611.63",136
Buenavista **,"61,614",,475.61,130
Carmen **,"20,839",,214.44,97
Jabonga **,"23,184",,293,79
Kitcharao *,"18,659",,128.35,145
Las Nieves **,"28,414",,582.69,49
Magallanes **,"21,007",,44.31,474
Nasipit **,"41,957",,144.4,291
Remedios T. Romualdez **,"16,058",,79.15,203
Santiago *,"24,200",,275.61,88
Tubay *,"24,932",,63.05,395
City of Cabadbaran **,"73,639",,311.02,237
Butuan City (Capital) **,"337,063",,816.62,413
Agusan del Sur,"700,653",,"9,989.52",70
Bunawan *,"45,151",,512.16,88
Esperanza **,"54,801",,"1,355.48",40
La Paz **,"28,217",,"1,481.12",19
Loreto **,"42,501",,"1,462.74",29
Prosperidad (Capital) **,"82,631",,505.15,164
Rosario **,"46,683",,385.05,121
San Francisco **,"74,542",,392.53,190
San Luis **,"32,109",,950.5,34
Santa Josefa **,"26,729",,341.8,78
Sibagat **,"30,442",,567.82,54
Talacogon **,"38,374",,405.25,95
Trento **,"51,565",,555.7,93
Veruela *,"43,706",,385.45,113
City of Bayugan **,"103,202",,688.77,150
Dinagat Islands,"127,152",,817.47,156
Basilisa *,"36,880",,102.46,360
Cagdianao *,"16,808",,196.57,86
Dinagat *,"10,632",,21.36,498
Libjo **,"17,760",,180.57,98
Loreto *,"9,309",,155.82,60
San Jose (Capital) *,"27,487",,34.31,801
Tubajon *,"8,276",,126.38,65
Surigao del Norte,"485,088",,"1,952.62",248
Alegria *,"16,011",,65.28,245
Bacuag **,"14,486",,95.85,151
Burgos *,"4,034",,19.27,209
Claver **,"32,773",,322.6,102
Dapa **,"23,787",,91.9,259
Del Carmen *,"18,392",,151.68,121
General Luna *,"16,771",,52.21,321
Gigaquit **,"20,864",,138.11,151
Mainit **,"26,741",,107.76,248
Malimono *,"18,054",,80.88,223
Pilar **,"9,752",,77.11,126
Placer *,"27,094",,61.29,442
San Benito *,"5,404",,45.63,118
San Francisco *,"14,552",,53.71,271
San Isidro **,"7,325",,42.03,174
Santa Monica *,"8,808",,39.19,225
Sison *,"13,155",,79.73,165
Socorro *,"22,314",,131.85,169
Tagana-an *,"16,428",,77.29,213
Tubod **,"14,206",,45.34,313
Surigao City (Capital) *,"154,137",,173.91,886
Surigao del Sur,"592,250",,"4,932.70",120
Barobo **,"49,730",,242.5,205
Bayabas **,"8,164",,117.84,69
Cagwait **,"20,384",,214.1,95
Cantilan **,"31,492",,240.1,131
Carmen **,"10,347",,160.01,65
Carrascal **,"22,479",,265.8,85
Cortes *,"15,912",,127.08,125
Hinatuan **,"39,842",,299.1,133
Lanuza *,"12,001",,290.6,41
Lianga **,"29,493",,161.12,183
Lingig **,"31,485",,305.17,103
Madrid *,"15,223",,141.2,108
Marihatag **,"18,518",,312.5,59
San Agustin *,"22,779",,277.28,82
San Miguel *,"39,340",,558,71
Tagbina **,"38,833",,343.49,113
Tago **,"35,329",,253.28,139
City of Bislig **,"94,535",,331.8,285
City of Tandag (Capital) *,"56,364",,291.73,193
Bangsamoro Autonomous Region in Muslim Mindanao,"3,781,387",,"36,650.95",103
Basilan (excluding the City of Isabela),"346,579",,"3,453.42",100
Akbar **,"17,531",,182.01,96
Al-Barka **,"20,905",,188.7,111
Hadji Mohammad Ajul **,"19,307",,202.5,95
Hadji Muhtamad **,"25,085",,173.27,145
Lantawan **,"24,594",,405.04,61
Maluso **,"40,646",,304.14,134
Sumisip **,"41,730",,567.6,74
Tabuan-Lasa **,"24,188",,55.68,434
Tipo-Tipo **,"19,163",,217,88
Tuburan **,"20,207",,546,37
Ungkaya Pukan **,"18,441",,257.03,72
City of Lamitan **,"74,782",,354.45,211
Lanao del Sur,"1,045,429",,"15,055.51",69
Bacolod-Kalawi **,"20,841",,491.57,42
Balabagan **,"26,819",,230,117
Balindong **,"29,180",,453.94,64
Bayang **,"23,965",,230,104
Binidayan **,"22,079",,189.58,116
Buadiposo-Buntong **,"16,130",,215,75
Bubong **,"22,336",,798.5,28
Bumbaran **,"10,401",,544.1,19
Butig **,"19,302",,331.49,58
Calanogas **,"13,750",,195,71
Ditsaan-Ramain **,"22,299",,527.98,42
Ganassi **,"23,016",,431.96,53
Kapai **,"18,894",,398.5,47
Kapatagan **,"15,521",,288.13,54
Lumba-Bayabao **,"36,151",,698.07,52
Lumbaca-Unayan **,"7,260",,160.23,45
Lumbatan **,"19,105",,158.34,121
Lumbayanague **,"16,372",,302.18,54
Madalum **,"23,127",,860,27
Madamba **,"17,756",,691,26
Maguing **,"24,531",,615.04,40
Malabang **,"43,957",,198.1,222
Marantao **,"32,974",,660,50
Marogong **,"21,319",,365,58
Masiu **,"29,176",,170,172
Mulondo **,"16,067",,458.67,35
Pagayawan **,"13,139",,218,60
Piagapo **,"25,440",,340.07,75
Picong **,"16,615",,277.56,60
Poona Bayabao **,"22,227",,280,79
Pualas **,"12,866",,242.34,53
Saguiaran **,"24,619",,182.89,135
Sultan Dumalondong **,"11,298",,51.35,220
Tagoloan II **,"11,169",,481.45,23
Tamparan **,"25,874",,520.52,50
Taraka **,"23,644",,435.4,54
Tubaran **,"14,749",,435,34
Tugaya **,"23,814",,355.76,67
Wao **,"45,862",,485.24,95
Marawi,"201,785",,87.55,"2,305"
Maguindanao (excluding Cotabato City),"1,173,933",,"9,968.31",118
Ampatuan **,"24,801",,255.4,97
Barira **,"30,004",,392.61,76
Buldon **,"35,282",,429.4,82
Buluan **,"50,008",,699.5,71
Datu Abdullah Sangki **,"23,878",,220,109
Datu Anggal Midtimbang **,"25,016",,85.43,293
Datu Blah T. Sinsuat **,"25,024",,147.21,170
Datu Hoffer Ampatuan **,"25,012",,193.45,129
Datu Odin Sinsuat **,"99,210",,461.8,215
Datu Paglas **,"28,387",,269.8,105
Datu Piang **,"25,600",,120.77,212
Datu Salibo **,"14,947",,81.61,183
Datu Saudi-Ampatuan **,"26,427",,60.16,439
Datu Unsay **,"11,813",,95.39,124
Gen. S. K. Pendatun **,"28,103",,189.37,148
Guindulungan **,"19,911",,130.68,152
Kabuntalan **,"17,276",,371.08,47
Mamasapano **,"24,800",,85.31,291
Mangudadatu **,"25,046",,98.16,255
Matanog **,"29,770",,146.5,203
Northern Kabuntalan **,"25,232",,106.77,236
Pagagawan **,"34,820",,461.1,76
Pagalungan **,"39,653",,898.76,44
Paglat **,"15,920",,177.74,90
Pandag **,"25,057",,85.31,294
Parang **,"89,194",,850.78,105
Rajah Buayan **,"23,652",,71.98,329
Shariff Aguak (Capital) **,"31,692",,166,191
Shariff Saydona Mustapha **,"19,855",,101.26,196
South Upi **,"40,178",,318.95,126
Sultan Kudarat **,"95,201",,712.91,134
Sultan Mastura **,"22,261",,242.07,92
Sultan sa Barongis **,"22,425",,291.3,77
Talayan **,"30,032",,143.84,209
Talitay **,"14,863",,62.96,236
Upi **,"53,583",,742.95,72
Sulu,"824,731",,"4,547.16",181
Hadji Panglima Tahil **,"6,375",,67.9,94
Indanan **,"80,883",,101.9,794
Jolo (Capital) **,"125,564",,126.4,993
Kalingalan Caluang **,"31,567",,216.37,146
Lugus **,"21,897",,133.04,165
Luuk **,"32,162",,313.04,103
Maimbung **,"37,914",,77.5,489
Old Panamao **,"40,998",,266.28,154
Omar **,"25,116",,201.77,124
Pandami **,"25,885",,170.89,151
Panglima Estino **,"28,817",,125.1,230
Pangutaran **,"30,613",,611.66,50
Parang **,"62,172",,258,241
Pata **,"22,163",,196.4,113
Patikul **,"62,287",,434.24,143
Siasi **,"67,705",,307.59,220
Talipao **,"80,255",,497.32,161
Tapul **,"18,197",,89.17,204
Tongkil **,"24,161",,352.59,69
Tawi-Tawi,"390,715",,"3,626.55",108
Bongao (Capital) **,"100,527",,365.95,275
Languyan **,"33,494",,581.2,58
Mapun **,"26,597",,181.29,147
Panglima Sugala  **,"44,184",,416.66,106
Sapa-sapa **,"30,917",,235.61,131
Sibutu **,"30,387",,56.54,537
Simunul **,"31,223",,167.25,187
Sitangkai **,"33,334",,735.46,45
South Ubian **,"25,935",,272.04,95
Tandubas **,"29,390",,552.05,53
Turtle Islands **,"4,727",,62.5,76